[
  {
    "title": "Dell_1",
    "price": 50500,
    "count": 5,
    "url": "/image/Dell_1.jpg",
    "description": "Processor: Intel Core i3-1115G4 11th Generation (up to 4.10 GHz) 2 Cores, 6MB Cache RAM & Storage: 8GB, 8Gx1, DDR4, 3200MHz_2666MHz Ach, (2 DIMM Slots, Expandable upto 16GB) & 256GB SSD"
  },
  {
    "title": "Acer_1",
    "price": 45980,
    "count": 5,
    "url": "/image/Acer_1.jpg",
    "description": "AMD Dual Core CPU : AMD Ryzen 3 3250U Processor (Base Frequency at 2.60GHz, Up to 3.50GHz at Maximum Boost Clock, 2 Cores, 4MB Cache, 4 Threads). The perfect combination of performance, power consumption, and value helps your device run smoothly."
  },
  {
    "title": "HP_1",
    "price": 52385,
    "count": 5,
    "url": "/image/Hp_1.jpg",
    "description": "4-core 11th Gen Intel Core i5-1155G7 8 threads and 8MB L3 cache deliver fast processing speeds and instant responsiveness. The Intel Iris Xᵉ graphics help you dive into crisp, stunning visuals."
  },
  {
    "title": "ASUS_1",
    "price": 30990,
    "count": 5,
    "url": "/image/Asus_1.jpg",
    "description": "ASUS [Smart Choice] Vivobook 15, Intel Celeron N4020, 15.6 inch (39.62 cms) HD, Thin and Light Laptop (8GB/512GB SSD/Integrated Graphics/Windows 11/Office 2021/Fingerprint/Silver/1.8 kg), X515MA-BR024WS"
  },
  {
    "title": "LENOVO_1",
    "price": 35690,
    "count": 5,
    "url": "/image/Lenovo_1.jpg",
    "description": "Lenovo IdeaPad Slim 3 Intel Core i3 11th Gen 14inch (35.56cm) FHD Thin & Light Laptop (8GB/512GB SSD/Windows 11/Office 2021/2Yr Warranty/3months Game Pass/Arctic Grey/1.41Kg), 82H701DNIN"
  },
  {
    "title": "Acer_2",
    "price": 32990,
    "count": 5,
    "url": "/image/Acer_2.jpg",
    "description": "Acer Aspire Lite 11th Gen Intel Core i3-1115G4 Premium Thin & Light Laptop (8GB RAM/256GB SSD/Intel UHD Graphics/Win 11 Home) AL15-51, 39.62cm (15.6inch) Full HD Display, Metal Body, Steel Grey, 1.59 KG"
  },
  {
    "title": "HP_2",
    "price": 38590,
    "count": 5,
    "url": "/image/Hp_2.jpg",
    "description": "HP 14s, 11th Gen Intel Core i3-1115G4, 8GB RAM/256GB SSD 14-inch(35.6 cm) Micro-Edge, Anti-Glare, FHD Laptop/Alexa Built-in/Win 11/Intel UHD Graphics/Dual Speakers/MSO 2021/1.41 Kg, 14s-dy2507TU"
  },
  {
    "title": "Dell_2",
    "price": 37490,
    "count": 5,
    "url": "/image/Dell_2.jpg",
    "description": "Dell 14 Laptop, Intel Core i3-1115G4/8GB/512GB/14.0inch (35.56cm) FHD Display, TÜV Rheinland Certified Comfortview Reduce Harmful Blue Light Emissions/Win 11+MSO'21/15 Month McAfee/Carbon Black/1.48kg"
  },
  {
    "title": "Mi_1",
    "price": 52490,
    "count": 5,
    "url": "/image/Mi_1.jpg",
    "description": "Xiaomi Notebook Ultra Max 11th Gen Intel Core i5-11320H Thin & Light (16GB/512GB SSD/Iris Xe Graphics/15.6inch 3.2K Resolution/Win 11/Thunderbolt 4/MS Office '21/Fingerprint Sensor/1.7 Kg)"
  },
  {
    "title": "Dell_3",
    "price": 67490,
    "count": 5,
    "url": "/image/Dell_3.jpg",
    "description": "Dell G15 5520 Gaming Laptop, Intel i5-12500H,16GB DDR5,512GB SSD,NVIDIA RTX 3050 (4GB GDDR6),15.6inch(39.62cm) FHD WVA AG 120Hz 250 nits, Backlit KB Orange, Win 11 + MSO'21,Dark Shadow Grey,2.81kg"
  }
]
